First_Name,Last_Name,Airline_Name,Email,Password
Zaria,Bernier,Turkish Airlines,ykessler@runte.com,brisa21
Shanelle,Pouros,British Airways,isteuber@yahoo.com,kerluke.to
Jalon,Sanford,Etihad Airways,eulah.sauer@botsford.com,pfeffer.mi
Juliana,Gutmann,Air Blue,doris.harris@hotmail.com,king.warre
Bailee,Harris,EVA Air,ufeil@oreilly.net,gerard59
Deshawn,Quitzon,Etihad Airways,vena08@wuckert.org,muhammad91
Kathryn,Langworth,Air China,alessia.bednar@considine.org,jzboncak
Ryan,Botsford,Air China,tanderson@hotmail.com,vesta37
Kailee,Hyatt,Air France,htremblay@yahoo.com,fdibbert
Erwin,Hoeger,Air China,jankunding@yahoo.com,ywintheise
Lonnie,Nader,Air Blue,leda34@gmail.com,cayla83
Luther,Spencer,American Airlines,ssawayn@goyettenicolas.com,dgusikowsk
Cornelius,Weissnat,British Airways,wo'connell@ullrich.com,reilly.zul
Ceasar,Schulist,IndiGo,kiera.williamson@lakin.net,bogisich.k
Salvatore,Schuster,EVA Air,seth90@harber.com,slangworth
Duncan,Medhurst,Qatar Airways,aferry@yahoo.com,emelia.yos
Lennie,Fahey,American Airlines,hahn.mara@gmail.com,rkshlerin
Jimmy,Rippin,British Airways,haven.crona@langosh.com,iemmerich
Anastasia,Hagenes,Air China,drath@schinner.com,antonietta
Hunter,Skiles,Air Blue,towne.anabel@yahoo.com,champlin.k
Sebastian,Bayer,Turkish Airlines,parker.nikolaus@gmail.com,bryana43
Betty,Hegmann,Serene Airways,arjun80@wilderman.biz,eschneider
Darwin,Murphy,Emirates,gsipes@emmerich.net,bsimonis
Jessie,Adams,Gulf Air,xkris@gmail.com,thalia.win
Stephany,Stiedemann,Virgin Austrailia,dena15@jones.com,kieran64
Eveline,Kuvalis,Gulf Air,wzulauf@orncruickshank.com,genesis37
Norberto,Kris,EVA Air,no'kon@parker.com,vdouglas
Afton,Hane,Serene Airways,rowe.kody@yahoo.com,tia.ruecke
Mavis,Pfeffer,Pia,odell.hackett@yahoo.com,jdaniel
Tierra,Lockman,Turkish Airlines,galtenwerth@gmail.com,ayost
Dolores,Reinger,Turkish Airlines,jade92@keebler.com,rosetta.re
Anastacio,Howe,Gulf Air,cedrick.dietrich@bergstrom.biz,gia.renner
Golda,Monahan,Air China,shannon.boyer@cummingsbeier.co,nwitting
Kathryne,Nitzsche,United Airlines,kbraun@bartoletti.org,columbus49
Rosario,VonRueden,Etihad Airways,jo05@auer.com,vhessel
Carmel,Gulgowski,IndiGo,schowalter.roberto@yahoo.com,olson.trev
Ursula,Baumbach,Serene Airways,elza93@corwin.com,bianka.gut
Madilyn,Blanda,Qatar Airways,reynolds.karelle@brown.com,angel45
Dereck,Swaniawski,Gulf Air,willms.moriah@yahoo.com,balistreri
Billie,Cassin,Thai Airways,adaline.bradtke@yosthalvorson.,serenity.t
Taryn,Paucek,Air China,zbatz@hotmail.com,kathryne.r
Kaycee,Lebsack,United Airlines,wehner.alexzander@sawayn.org,kuhn.rey
Orlo,Ward,United Airlines,dorothy.parisian@hotmail.com,welch.stua
Ardith,Abbott,Air France,ypouros@gmail.com,zakary.van
Lavon,Rutherford,Turkish Airlines,gerry.jaskolski@toy.com,ubailey
Colton,Schmidt,Fly Dubai,bsenger@yahoo.com,nlebsack
Kasey,Collins,Fly Dubai,rnicolas@yahoo.com,bins.hilma
Raina,Jones,Etihad Airways,shields.julio@trantowbrekke.co,uriel.gulg
Matilda,Wisozk,American Airlines,bednar.sofia@gmail.com,lurline62
Watson,Pacocha,Turkish Airlines,willms.bessie@hotmail.com,luettgen.g
